{
  "feature_names": [
    "severity_class",
    "n_destinations",
    "is_zoonotic",
    "is_animal_subject",
    "n_lab_results",
    "n_exposure_fields",
    "is_hospitalized",
    "is_tribal_residency",
    "subject_age_norm",
    "completeness_score"
  ],
  "coefficients": [
    0.6535249626912681,
    -0.1640521073134945,
    0.16600509497863314,
    -0.20328856810751902,
    -0.1046806177275053,
    0.24394937513628306,
    0.06825179910969657,
    -0.227008147093143,
    -0.038082260655395675,
    -0.6316555206795249
  ],
  "intercept": -0.19585712046766307,
  "scaler_mean": [
    0.3022222222222222,
    2.977777777777778,
    0.4688888888888889,
    0.15777777777777777,
    1.2755555555555556,
    1.7844444444444445,
    0.04888888888888889,
    0.19333333333333333,
    0.39908888888888905,
    0.5241601032401099
  ],
  "scaler_scale": [
    0.7163142975255401,
    0.816194118764754,
    0.4990311601147085,
    0.36453250968505546,
    1.0020325023682952,
    1.385713703885404,
    0.21563572392370164,
    0.3949120858565303,
    0.2935163309650931,
    0.29845678142441623
  ],
  "model": "logistic_regression",
  "trained_on_n_samples": 450,
  "seed": 42
}