{
  "logistic_regression": {
    "accuracy": 0.68,
    "precision": 0.421875,
    "recall": 0.7105263157894737,
    "f1": 0.5294117647058824,
    "auc": 0.7166353383458647,
    "confusion_matrix": [
      [
        75,
        37
      ],
      [
        11,
        27
      ]
    ],
    "n_train": 450,
    "n_test": 150
  },
  "random_forest": {
    "accuracy": 0.7066666666666667,
    "precision": 0.44,
    "recall": 0.5789473684210527,
    "f1": 0.5,
    "auc": 0.6884398496240601,
    "confusion_matrix": [
      [
        84,
        28
      ],
      [
        16,
        22
      ]
    ],
    "n_train": 450,
    "n_test": 150
  },
  "gradient_boosting": {
    "accuracy": 0.68,
    "precision": 0.40384615384615385,
    "recall": 0.5526315789473685,
    "f1": 0.4666666666666667,
    "auc": 0.6574248120300752,
    "confusion_matrix": [
      [
        81,
        31
      ],
      [
        17,
        21
      ]
    ],
    "n_train": 450,
    "n_test": 150
  }
}