{
  "feature_names": [
    "severity_class",
    "n_destinations",
    "is_zoonotic",
    "is_animal_subject",
    "n_lab_results",
    "n_exposure_fields",
    "is_hospitalized",
    "is_tribal_residency",
    "subject_age_norm",
    "completeness_score"
  ],
  "logistic_regression_coefficients": [
    0.6535249626912681,
    -0.1640521073134945,
    0.16600509497863314,
    -0.20328856810751902,
    -0.1046806177275053,
    0.24394937513628306,
    0.06825179910969657,
    -0.227008147093143,
    -0.038082260655395675,
    -0.6316555206795249
  ],
  "random_forest_importance": [
    0.13321037313589776,
    0.06870011547375914,
    0.052369328622988584,
    0.014356313794641218,
    0.1406274659676082,
    0.07274358288787865,
    0.00896491105463343,
    0.047616937570232824,
    0.1538941136225236,
    0.30751685786983673
  ],
  "gradient_boosting_importance": [
    0.1386586115738495,
    0.0540273115419411,
    0.026401818049762233,
    0.0035835215918231487,
    0.11037497778050097,
    0.033010688186360784,
    0.0027409350373208837,
    0.024299535273017335,
    0.12182977318942244,
    0.4850728277760016
  ]
}